Category,Resume
Data Science,"Python SQL Pandas NumPy Machine Learning Deep Learning TensorFlow"
Data Science,"Python Statistics Scikit-learn Data Analysis Pandas"
Web Development,"HTML CSS JavaScript React Bootstrap Node.js"
Web Development,"HTML CSS JavaScript Angular Responsive Design"
Java Developer,"Java Spring Boot Hibernate MySQL REST API"
Java Developer,"Java JDBC Servlet JSP Spring Maven"
Python Developer,"Python Django Flask REST API PostgreSQL Git"
Python Developer,"Python FastAPI Docker SQL Git Linux"
Android Developer,"Java Kotlin Android Studio XML Firebase"
Android Developer,"Kotlin Android Jetpack Room SQLite"
DevOps,"Docker Kubernetes Jenkins Linux AWS Git"
DevOps,"Docker CI/CD Terraform Kubernetes AWS"
Database,"SQL MySQL PostgreSQL Database Oracle PL/SQL"
Database,"MySQL PostgreSQL SQL Server Database Design"